{
	"class_name" : "PinholeCameraParameters",
	"extrinsic" : 
	[
		0.57789197881566756,
		0.065602107705232754,
		0.81347232545744497,
		0.0,
		-0.80166625254491408,
		-0.14108918913418445,
		0.58088300047432317,
		0.0,
		0.15287929994314561,
		-0.9878209373029555,
		-0.028943314855150053,
		0.0,
		1204.0237587719068,
		2556.1764733650998,
		-5746.1863296364136,
		1.0
	],
	"intrinsic" : 
	{
		"height" : 1080,
		"intrinsic_matrix" : 
		[
			935.30743608719376,
			0.0,
			0.0,
			0.0,
			935.30743608719376,
			0.0,
			959.5,
			539.5,
			1.0
		],
		"width" : 1920
	},
	"version_major" : 1,
	"version_minor" : 0
}